Name,Age,Email,Country
John Doe,28,john.doe@example.com,USA
Jane Smith,34,jane.smith@example.com,Canada
Alex Johnson,25,alex.johnson@example.com,UK
Emily Davis,999,emily.davis@example.com,Australia
Chris Brown,40,chris.brown@example.com,India
John Doe,28,john.doe@example.com,USA
Jane Smith,34,jane.smith@example.com,Canada
Alex Johnson,25,alex.johnson@example.com,UK
Emily Davis,30,emily.davis@example.com,Australia
Chris Brown,40,chris.brown@example.com,India
John Doe,28,john.doe@example.com,USA
Jane Smith,34,jane.smith@example.com,Canada
Alex Johnson,25,alex.johnson@example.com,UK
Emily Davis,30,emily.davis@example.com,Australia
Chris Brown,40,chris.brown@example.com,India
